Pepsi,
Coca-Cola,
Nestle,
Unilever,
Procter & Gamble,
Telenor,
Ufone,
Jazz,
Zong,
Mobilink,
Warid Telecom,
Habib Bank Limited (HBL),
National Bank of Pakistan (NBP),
United Bank Limited (UBL),
MCB Bank Limited,
Allied Bank Limited (ABL),
Standard Chartered Bank,
Engro Corporation,
Fauji Fertilizer Company Limited (FFC),
Pakistan State Oil (PSO),
Pakistan International Airlines (PIA),
Khaadi,
Al-Karam Textile Mills,
Gul Ahmed,
Nishat Linen,
Sapphire Textile Mills,
ChenOne,
Servis Shoes,
Borjan Shoes,
Stylo Shoes,
Junaid Jamshed,
Sana Safinaz,
Maria B.,
HSY,
Firdous Cloth Mills,
Orient Textile Mills,
Dawlance,
Haier,
Waves,
LG Electronics,
Samsung,
Nokia,
Huawei,
Oppo,
Vivo,
Xiaomi,
QMobile,
Lenovo,
Dell,
HP,
Apple,
Microsoft,
Sony,
Canon,
Nikon,
Panasonic,
LG Appliances,
Dawood Hercules Corporation Limited,
Lucky Cement Limited,
Attock Petroleum Limited,
Shell Pakistan Limited,
Engro Foods Limited,
Dalda Foods Limited,
National Foods Limited,
Shan Foods,
Nestle Pure Life,
Aqua Fina,
Gourmet Foods,
The Coca-Cola Company,
Tapal Tea,
Lipton Tea,
Vital Tea,
Kashmir Tea,
Bake Parlor,
Shan Masala,
National Biscuit Industries Limited (Lu),
Peek Freans,
Kolson,
Mitchellï¿½s,
Dalda,
Knorr,
Shan Foods,
EBM,
Al Karam Studio,
Crossroads,
J. (Junaid Jamshed),
Cambridge,
Bonanza Satrangi,
Nishat Chunian Limited,
Fauji Meat Limited,
Haleeb Foods Limited,
Nestle Milkpak,
Al-Fatah,
Chenab Group,
Service Sales Corporation,
TCS (Tranzum Courier Services),
Pakistan Post,
Caltex,
Total Parco,
Pakistan State Cement Company.,
HIKVISION,